Hy,Boame,26583673189,0,0,1,0,323,03/25/2019
Rolfe,Di Antonio,95153344591,0,0,0,0,499,07/22/2018
Ossie,Earwicker,53245372376,1,3,1,0,579,07/23/2018
Wilbert,Stanmore,77107196394,1,3,1,1,392,10/18/2018
Cort,Burfield,74966679996,1,0,1,0,302,03/17/2019
Kristan,Fripp,71502572878,0,0,0,2,530,04/22/2019
Des,Gregoraci,34876511013,1,2,0,1,458,10/24/2018
Tabbi,Amberson,77900545351,1,3,1,2,491,11/03/2018
Dosi,Ogan,45335631450,0,2,0,2,463,10/31/2018
Lela,Laurencot,85814068235,1,1,1,0,418,11/21/2018
Alasteir,Maginn,68032807114,1,1,1,1,354,09/20/2018
Christabel,Alner,33921580211,0,1,0,0,597,02/07/2019
Phil,Coggen,55225487482,1,0,1,1,343,12/12/2018
Domeniga,Cadd,37142352395,0,2,1,0,511,04/21/2019
Garrik,Besset,78866269331,0,3,0,1,594,12/29/2018
Rona,Gutierrez,72911592298,0,1,0,2,497,09/10/2018
Rhoda,Bohike,28403272185,0,0,1,2,434,08/29/2018
Antoinette,Scotchbourouge,56995304520,1,1,1,2,348,03/10/2019
Charity,Leyland,09397482330,0,1,0,2,507,12/10/2018
Ingram,Touzey,66149597637,1,3,0,0,376,10/15/2018
Jedediah,Edards,79551018145,0,1,0,1,304,10/05/2018
Cull,Fridaye,21474421315,0,2,1,0,431,09/06/2018
Kathryne,Maingot,30100281468,1,1,1,0,452,11/14/2018
Rodie,Potteril,95298949736,0,3,0,0,315,05/25/2018
Ab,Rohloff,70790728603,1,0,1,1,332,04/18/2019
Micaela,Checchetelli,99347973397,1,2,1,0,572,11/13/2018
Lezley,Jurek,72409708864,0,2,1,1,391,01/05/2019
Heinrik,Ravenshaw,79216119982,1,2,1,0,563,12/21/2018
Caryn,Lamperti,15771898939,0,0,1,1,380,01/05/2019
Stormy,Croix,41906528330,0,3,0,2,444,04/15/2019
Bernardina,Trusler,37110352462,0,2,0,1,390,03/11/2019
Rosie,Tunna,28295251412,1,2,0,1,529,07/23/2018
Terry,Maes,67148454324,0,1,1,0,565,09/13/2018
Pamela,McFayden,76303297283,1,2,1,1,324,11/16/2018
Barton,Utton,73883461647,0,1,0,0,440,09/03/2018
Kalvin,Wybron,94782075046,1,1,1,2,339,11/24/2018
Natassia,Ragg,41251574771,0,3,1,1,591,08/21/2018
Arabella,Stubbins,27388490383,0,2,1,1,453,12/26/2018
Aundrea,Lamar,10036760319,1,3,0,1,488,09/11/2018
Rancell,Fellgett,75802470042,0,3,0,1,378,02/23/2019
Rossy,Laurens,85410329825,1,0,0,2,341,07/02/2018
Pieter,Pawling,20037656078,1,0,0,2,411,03/30/2019
Omero,Thorp,18093488003,1,1,0,2,420,08/31/2018
Carmelia,Bleiman,55104386709,1,1,0,0,549,05/13/2018
Major,Silcock,34681233949,0,0,0,2,332,12/16/2018
Stu,Spykins,22255234942,1,3,0,0,552,01/25/2019
Claus,Hullyer,27220773814,1,1,1,2,442,11/02/2018
Anneliese,Hacaud,31964943302,0,1,1,0,453,05/23/2018
Nissa,Beade,75218153035,0,0,1,1,336,12/20/2018
Jenn,Domelow,79354185643,0,2,1,1,413,09/24/2018
Darsey,Pinkerton,83461742854,0,2,0,0,406,09/21/2018
Alexina,Iohananof,38945292428,0,2,1,1,543,02/22/2019
Asher,Rowlings,61027338635,1,3,1,0,330,09/19/2018
Georgy,Corkett,37336615370,0,1,1,1,590,02/04/2019
Garvey,Johnsee,21783850949,1,1,0,2,473,09/08/2018
Hewe,Brecknall,80743180073,1,2,1,0,453,12/11/2018
Damon,Haacker,70866657433,1,1,0,1,411,05/21/2018
Denyse,Wattam,07601084191,1,1,0,1,590,02/07/2019
Alejandrina,Kevis,90814525220,0,0,1,2,549,03/31/2019
Evangelina,Izzard,00072798423,1,3,1,1,510,03/27/2019
Carmon,Bawles,69576615402,1,1,0,0,305,12/10/2018
Chad,Kemball,98332782292,0,2,0,2,392,12/08/2018
Mariquilla,Clissold,87347513081,1,0,1,2,377,05/05/2018
Sayre,Whitmarsh,36327799489,1,3,0,0,454,04/23/2019
Bud,Cauldfield,68230129911,0,3,1,2,379,01/03/2019
Avis,Golston,31511400111,0,1,0,0,562,05/19/2018
Eleonora,Pignon,18022844730,0,0,0,2,361,09/11/2018
Anne-marie,Feria,72346667405,1,2,1,0,351,06/05/2018
Adel,Somersett,82307140431,1,0,0,2,416,08/17/2018
Waldon,Rouff,62086942806,0,0,1,2,350,01/11/2019
Clem,Affuso,00136936193,0,3,1,2,557,03/09/2019
Meridel,Antoney,00263538965,1,2,0,2,468,06/13/2018
Mattheus,Rable,48535343183,1,0,1,1,397,04/25/2019
Masha,Meader,66573624625,1,3,0,1,456,07/21/2018
Karlene,Waddam,04620947312,0,0,0,0,358,05/24/2018
Loydie,Petrasek,31939078237,0,3,0,0,470,08/03/2018
Antony,Donaway,32050711841,1,2,0,1,595,11/23/2018
Lyndsay,Harbert,86618405906,0,3,1,1,464,10/31/2018
Wandie,Bearne,56414362692,0,1,0,2,486,11/25/2018
Vilhelmina,Eichmann,21311306948,0,3,1,2,382,12/28/2018
Lin,Chew,85395394190,0,0,1,0,577,09/09/2018
Gal,Lendon,98299227276,1,3,0,2,584,11/28/2018
Lebbie,Passey,06727500131,0,3,0,1,487,08/28/2018
Andrei,Doey,77504388526,1,0,1,1,469,12/26/2018
Mair,Cutsforth,17323337075,1,1,1,1,473,04/18/2019
Elmira,Terron,37437478555,0,0,0,0,384,06/12/2018
Earle,Spurdens,91915799079,0,2,1,2,428,09/27/2018
Sarine,Tomsa,14250520136,0,2,1,2,418,03/24/2019
Auberon,Calderwood,56982515686,1,1,0,2,439,09/10/2018
Thadeus,Mundford,01689419546,1,1,0,0,388,01/01/2019
Charil,Greendale,39329780419,1,1,1,0,304,12/22/2018
Josefa,Banisch,54313668596,0,1,1,1,535,02/25/2019
Alain,Arnao,91841818887,1,1,0,2,524,01/11/2019
Cello,Lagneaux,00549130501,1,0,0,2,398,07/29/2018
Calypso,Kave,24488084645,0,3,0,1,486,08/04/2018
Noelyn,Jansema,63651153458,0,2,1,0,493,10/04/2018
Shea,Dressell,25790239741,0,1,0,1,527,06/29/2018
Frayda,Leadbitter,10138648526,1,0,0,2,446,04/03/2019
Randy,Bette,65938191679,0,3,1,1,358,06/04/2018
Joan,Smalridge,94193397710,1,2,0,0,440,11/26/2018
Tabbie,Renneke,18050410680,0,2,0,2,560,03/12/2019
Dannel,Turpey,68406658816,1,2,0,0,436,07/04/2018
Mada,Scramage,85250320931,1,1,1,1,376,12/30/2018
Teena,Overbury,90033652655,1,0,1,1,311,10/12/2018
Tobit,Swinnerton,86151380445,0,3,0,0,489,12/16/2018
Lorna,Kleewein,63995519252,0,2,1,1,391,06/26/2018
Petra,Lanston,19628412076,1,1,1,2,519,11/29/2018
Reba,Dickey,35365349958,0,1,0,0,339,01/25/2019
Saul,Defries,19664569003,1,2,1,1,361,06/17/2018
Wolfy,Lossman,80486528529,0,3,0,2,320,01/13/2019
Catlee,Glandfield,65250378652,0,1,1,0,435,09/01/2018
Berna,Lago,17033175857,0,1,1,1,588,06/15/2018
Waiter,Drinkall,42938529556,0,3,0,0,451,07/02/2018
Anita,Elderkin,59831241830,1,1,1,2,424,07/03/2018
Langston,Bowring,65178836569,0,1,1,1,422,11/05/2018
Nick,Cassells,95923274816,1,3,0,2,468,01/18/2019
Koressa,Rushmer,87186963657,0,0,1,0,371,07/26/2018
Nikolia,Adriaens,65717787285,0,2,0,1,379,09/29/2018
Sheilakathryn,Cordner,51692860756,0,1,1,0,331,04/26/2019
Linnea,Bellini,40146498781,1,1,0,1,368,01/27/2019
Elvin,Spinke,14497059624,0,1,0,0,481,07/04/2018
Bryanty,Hanford,59666653170,0,0,0,0,327,03/25/2019
Robinia,Huggett,53075765560,0,2,0,2,374,02/24/2019
Barry,Mosten,82220935451,1,3,1,2,331,04/12/2019
Kassey,Hedingham,92514393000,1,1,0,0,357,04/27/2019
Gus,Kreber,22057039956,0,0,1,0,301,07/06/2018
Mil,Rafe,05680616794,0,1,0,1,322,10/22/2018
Lin,Tales,94946425545,0,2,0,2,459,06/02/2018
Nydia,Ipsly,03487395646,0,1,1,0,571,05/17/2018
Pascal,Lillico,52775607435,0,2,0,2,574,10/08/2018
Toni,Bould,80325132302,0,0,0,2,348,08/12/2018
Kelsi,Clacey,94978135108,1,0,0,2,305,11/22/2018
Andra,Plante,87403907859,0,3,0,2,512,11/20/2018
Harmonia,Brolechan,60138888968,0,0,0,1,561,02/06/2019
Hastie,Eite,96360587994,1,0,1,1,397,12/23/2018
Arte,Hallick,49980961281,0,3,0,0,371,09/27/2018
Durward,Allsepp,89361853977,1,0,0,1,552,10/16/2018
Ronny,Fackney,58917207638,1,0,0,0,504,07/01/2018
Dionne,Blakeborough,35914545281,1,2,1,1,359,10/03/2018
Rudolph,Franzonello,67700402288,1,1,0,1,340,06/13/2018
Tanhya,Smitheram,60656942858,0,0,1,1,390,07/01/2018
Katrine,Gillmore,56746388214,0,1,0,2,402,11/22/2018
Heath,Mullord,05013620217,1,3,1,2,579,08/15/2018
Dillie,Bourthoumieux,80459449457,0,0,0,1,444,08/16/2018
Larissa,Mityushin,29231505438,0,3,1,1,576,08/09/2018
Evonne,Ortler,96449868688,1,2,1,2,314,07/26/2018
Jaymie,Pymm,00085687292,0,2,0,1,560,02/12/2019
Wash,O Mullen,99816459129,0,3,0,1,560,01/26/2019
Darcey,Barrows,48617885505,0,3,0,2,334,03/09/2019
Jillane,Zorro,57931303677,1,1,1,2,373,09/24/2018
Sile,Kless,78819191325,0,1,1,0,490,02/02/2019
Hamid,Fortin,51804532678,1,3,1,0,328,07/07/2018
Morey,Weir,29275754517,0,0,0,2,322,04/13/2019
Sherwynd,Moubray,17483390567,0,1,0,1,511,09/29/2018
Boniface,Mc Kellen,61542291853,0,1,0,2,574,03/23/2019
Osmund,Tindall,59547837507,1,0,1,0,590,12/05/2018
Tully,Arney,87493979097,0,2,0,1,586,12/23/2018
Eziechiele,Littleover,81480419463,0,1,1,0,523,02/03/2019
Hillary,Larne,31684322701,0,2,1,2,552,06/12/2018
Almeta,Paramore,50514739386,0,1,1,2,551,08/07/2018
Shelia,Blazek,39696987487,1,0,1,1,591,07/12/2018
Becki,Pettwood,66758338339,0,2,1,2,407,04/06/2019
Charita,Eltringham,71756699710,0,1,1,0,414,03/30/2019
Vincents,Rowaszkiewicz,08742280269,0,0,0,2,408,03/06/2019
Shandie,Edson,68356316117,1,2,1,1,353,02/17/2019
Ripley,Robbe,12489119082,1,2,0,2,552,10/29/2018
Ely,Jenkyn,71270340319,0,0,0,1,538,03/15/2019
Orlando,Attyeo,15462365240,0,2,1,1,481,01/02/2019
Jeni,Whyborn,36644105302,0,3,1,0,432,03/17/2019
Ashlie,St. Hill,84790733593,1,2,1,1,556,09/12/2018
Almeda,Gonning,26329629888,0,2,0,1,385,10/06/2018
Raimundo,Howorth,14190317091,1,1,1,2,526,12/24/2018
Kristen,Haskew,53821591004,0,2,0,1,377,10/16/2018
Dukie,Pietsma,03461419436,1,0,0,1,308,07/12/2018
Evin,Munday,49894386556,0,3,1,1,347,12/16/2018
Verene,Moncey,61841257930,0,2,1,2,319,03/29/2019
Bartholomeo,Aspenlon,13789249202,1,3,0,0,318,11/10/2018
Elwira,Gobell,08243643810,0,2,1,2,581,10/13/2018
Carol-jean,Hearley,11406336682,1,3,0,2,592,07/01/2018
Aldous,Leatherborrow,38125287218,0,2,0,2,483,12/29/2018
Georgianna,Gascar,99958946023,1,2,1,0,373,03/02/2019
Noel,Thebes,98192238775,1,2,0,1,399,04/02/2019
Filberto,Dufty,43969126918,0,0,1,2,421,03/02/2019
Thea,Randals,66872608170,0,2,0,1,328,11/21/2018
Inna,Hovenden,44453703476,1,1,1,2,412,07/21/2018
Pietro,Dean,11438714090,0,1,1,2,578,05/27/2018
Siward,Schuh,77623065028,1,0,0,1,324,08/18/2018
Tori,Frede,66269647063,1,0,1,0,525,11/02/2018
Hew,Linford,96019725211,1,3,0,2,449,07/06/2018
Pamella,Shannon,28395947523,0,1,0,1,461,09/23/2018
Raye,Raffan,88206115922,0,3,1,2,351,12/14/2018
Mehetabel,Ottley,27964689644,0,2,1,2,428,05/31/2018
Jody,Yeandel,93396737182,1,1,0,1,579,01/03/2019
Maynard,Commuzzo,23161783560,1,0,1,0,453,05/15/2018
Kaye,Curton,19655410004,0,3,1,0,421,07/10/2018
Sheeree,Ruseworth,47150391374,0,2,1,2,561,02/01/2019
Ysabel,Pirt,56593796471,0,3,1,2,524,11/01/2018
Annalise,Baden,28345239824,0,1,1,1,449,02/01/2019
Jana,Briggdale,25420422812,1,0,1,0,558,02/17/2019
Tandie,Alwen,31721641561,1,0,1,1,560,07/09/2018
Ynes,Whyberd,29222111794,1,3,1,2,499,06/07/2018
Cello,Cadogan,57866488592,1,2,0,0,323,08/03/2018
Lurleen,Emmanuel,31979874863,0,1,0,1,307,05/08/2018
Letisha,McBeth,40926461666,1,3,1,2,323,08/11/2018
Wadsworth,Gasgarth,54628754185,0,0,0,2,334,08/21/2018
Lanny,Americi,58296027377,1,2,0,2,356,05/28/2018
Giulio,Starten,13736943314,0,0,1,2,581,03/31/2019
Alwyn,Wenzel,76970954851,1,3,0,2,556,02/11/2019
Cyrill,Reast,75503144330,0,3,1,0,432,08/10/2018
Emmanuel,McFie,80947580962,0,1,0,1,370,10/15/2018
Blaire,Rickson,46078209275,1,3,1,1,349,06/09/2018
Lucias,Olijve,16358470816,1,2,0,2,396,07/13/2018
Fee,Snoxill,56788815423,1,2,1,2,595,10/21/2018
Daren,Andrus,87021273500,1,3,0,0,556,01/06/2019
Ernestus,Dilley,48842785676,1,2,1,0,483,12/18/2018
Leonanie,Sperrett,69586044216,1,0,0,0,367,12/06/2018
Vi,Gurnee,03830196689,0,3,1,2,425,06/19/2018
Vita,Dmytryk,41556195828,1,2,1,2,475,02/10/2019
Leeanne,Rawnsley,16498149243,0,0,0,0,419,09/10/2018
Thorn,O'Hdirscoll,72485737696,1,1,1,1,380,06/03/2018
Anna-diane,Flower,71433327683,1,0,1,0,483,03/19/2019
Tandie,Maxwale,10224619539,1,2,1,0,489,05/18/2018
Mallory,Ebbett,68480649443,0,3,1,0,346,08/06/2018
Jerri,Benezeit,86866400929,1,0,0,2,337,03/06/2019
Shea,Hechlin,61499006348,0,2,1,2,552,09/26/2018
Daffy,Yegorshin,40046459967,0,1,1,2,360,07/22/2018
Kerstin,Whiskerd,58402421763,1,2,1,2,485,08/26/2018
Torrey,Dinneges,39212015316,1,1,1,1,513,01/08/2019
Emeline,Dorrian,16329225065,0,0,0,0,584,06/22/2018
Sheilah,Dowbekin,29323848021,0,3,0,1,302,08/07/2018
Waite,Bromige,69790658493,0,2,0,1,585,04/19/2019
Bambie,Cockshutt,51807293925,1,1,0,2,504,02/15/2019
Octavia,Ketley,29243213631,1,0,1,0,514,08/18/2018
Allis,Crielly,87335573326,0,0,0,2,314,09/03/2018
Alisander,Kitson,42892590480,0,2,0,1,475,07/07/2018
Dorena,Grisbrook,39869810201,0,0,1,0,535,07/19/2018
Hadley,Lyndon,31571871413,1,0,1,1,475,09/12/2018
Marje,Thews,54250596019,1,2,1,1,543,09/14/2018
Mira,Evered,47549110754,0,0,0,2,364,05/11/2018
Krystle,Waulker,85406872645,1,0,1,2,389,02/14/2019
Allison,Prettejohns,44356426601,1,2,1,1,580,09/26/2018
Desmund,Scapens,41004704396,0,3,0,0,306,03/31/2019
Horton,Spurgeon,77084970349,1,2,1,2,548,07/29/2018
Jae,Burdikin,72473168084,1,1,1,0,363,11/12/2018
Lennie,Hallworth,50271425310,1,0,0,0,331,05/24/2018
Joyce,Lenthall,55580108177,0,0,0,2,348,06/01/2018
Meier,Alabone,56216538566,1,0,1,1,480,11/27/2018
Holly,Bacon,55805404169,0,0,1,2,553,02/08/2019
Walliw,Goymer,78209604180,0,3,1,0,476,08/26/2018
Kendra,Attride,38729775588,1,0,0,1,367,03/17/2019
Griselda,Andreix,28900497437,1,3,1,2,385,12/03/2018
Daveta,Endrizzi,11892874726,1,2,1,0,492,11/17/2018
Darline,Rosenfarb,70626034843,1,2,0,1,375,07/24/2018
Leisha,Doxey,63102723817,0,1,1,2,403,11/06/2018
Alexa,Brusby,94631575211,1,3,1,2,370,11/23/2018
Laughton,Dumbare,35986808634,1,3,0,1,482,01/31/2019
Tarra,Muckleston,12686590781,1,0,1,0,571,09/24/2018
Lesli,Avramov,50116843828,0,0,0,1,408,04/12/2019
Camille,Grassot,02405445773,0,0,0,1,523,02/14/2019
Brenn,Davidson,26030010796,0,0,0,0,409,04/30/2019
Art,Pleuman,31036733189,0,0,1,1,422,03/23/2019
Rhianon,Plastow,49166789205,0,3,0,1,431,10/31/2018
Joane,Bernardotti,74906802080,1,1,0,0,434,12/22/2018
Shirline,Dever,14897665398,1,2,0,1,395,11/06/2018
Roddie,Sauvage,20394257424,1,1,0,2,506,09/14/2018
Dieter,Carillo,72007567850,0,2,1,1,511,04/29/2019
Marlee,Folonin,09594278578,1,1,1,2,526,10/24/2018
Daron,Grisdale,33811089113,0,1,1,0,418,08/13/2018
Horatia,Hess,32313050704,0,2,0,0,353,05/11/2018
Robbie,Crowe,12968845556,0,0,0,1,369,07/17/2018
Elsbeth,Gounin,28209692058,1,3,1,2,430,01/09/2019
Rich,Jaskowicz,89039116852,0,0,0,0,375,07/21/2018
Wat,Follis,87750876246,1,3,1,0,329,05/22/2018
Emelia,Trever,42045366566,0,2,0,0,483,07/02/2018
Ivonne,Gillimgham,63794832296,0,3,0,2,390,10/10/2018
Care,Casaro,87025093796,1,3,1,1,433,02/05/2019
Randolph,Impey,88114219473,1,1,0,2,534,03/03/2019
Jarret,Krammer,72017018297,0,2,0,2,352,11/27/2018
Aura,Gorch,51973887412,0,1,0,2,551,10/28/2018
Roseann,Shipsey,02741392901,1,1,0,2,535,01/28/2019
Livy,Najafian,06871931486,1,1,1,2,448,11/24/2018
Lulita,Genese,24637417347,1,0,1,0,376,07/07/2018
Moreen,Troyes,09821441107,1,2,0,1,417,03/05/2019
Gleda,Elcome,63715075938,1,2,0,0,531,08/06/2018
Cherlyn,Payle,25507382653,1,1,1,2,473,06/12/2018
Sarina,Crankshaw,60018759348,1,0,1,0,472,07/29/2018
Daffi,Wyrill,33031164057,1,1,0,0,561,08/28/2018
Doroteya,Dougary,69602768128,1,2,1,2,549,06/21/2018
Laina,Southard,19903032607,1,0,1,2,554,12/05/2018
Carleton,Akam,75054363479,1,1,0,0,522,04/01/2019
Germaine,Heaffey,55307145596,0,2,0,2,564,12/27/2018
Kathi,Topping,54551876975,0,3,1,2,405,04/16/2019
Faustine,Cayton,54390272967,0,0,1,0,437,08/17/2018
Gawain,Cronin,72279053121,1,1,1,1,381,07/14/2018
Arlette,Brackenridge,16074017041,0,3,1,0,577,01/14/2019
Ethe,Audritt,43417587684,1,0,0,0,487,07/04/2018
Caddric,Deeble,19528737833,1,1,0,0,442,03/15/2019
Deanna,Micka,13350995837,1,1,0,1,558,05/14/2018
Whitman,Gregr,95207147588,0,0,0,0,450,06/17/2018
Dana,Benjefield,16379472226,1,2,0,0,585,12/16/2018
Denna,Margerison,41876646139,0,3,1,2,388,01/05/2019
Giffie,McGrirl,35136868031,0,0,1,1,483,02/21/2019
Katrina,Drains,40514875523,1,3,0,0,431,07/31/2018
Mickie,Pettiward,36636699120,0,3,1,0,422,02/03/2019
Bengt,Bockh,27801081077,0,0,1,0,482,06/04/2018
Nalani,Khomishin,87208768766,0,0,0,1,312,11/19/2018
Alexi,Abadam,38233144707,1,1,1,2,349,05/04/2018
Lusa,Tipple,05290673802,0,3,1,1,399,05/25/2018
Fanni,Gillions,96895142971,1,0,0,2,579,08/01/2018
Caresse,Chazelas,50003753574,1,3,0,2,393,06/18/2018
Devi,Dober,51480328120,1,2,0,2,424,11/26/2018
Batholomew,Abdee,91054234031,1,2,0,0,573,11/03/2018
Meir,MacKissack,71205013772,0,3,0,1,455,01/16/2019
Matthiew,Burtonshaw,85486708055,0,2,0,0,524,10/01/2018
Venus,Willatt,24963214190,1,1,1,0,574,07/15/2018
Modesta,Dorre,73199718090,0,0,1,1,376,07/01/2018
Carmencita,Trace,23668426171,0,2,1,2,598,11/07/2018
Stefania,Bartoszinski,96031734988,1,0,0,0,522,01/19/2019
Helen-elizabeth,Ellsworthe,41563708878,1,0,0,0,332,06/05/2018
Gabbie,Physic,23544031713,0,1,1,1,335,04/29/2019
Franz,Matteo,26640261028,1,2,0,1,520,11/15/2018
Bartolemo,Menci,00377908628,1,2,1,2,515,05/02/2018
Colman,Grinham,35644394778,0,2,0,1,384,11/26/2018
Teresa,Isaaksohn,58826007770,0,1,0,2,453,02/17/2019
Willow,Phelps,21951637510,1,0,0,1,426,08/12/2018
Anjanette,Lanktree,28901286118,1,0,1,2,336,08/28/2018
Fitzgerald,Gaylor,50478227474,0,0,0,0,510,11/07/2018
Gwendolin,Print,16766645129,0,0,0,1,302,01/09/2019
Horten,Lober,25749984658,0,1,0,2,426,04/04/2019
Putnem,Wyles,25703138128,0,2,1,2,501,09/08/2018
Mikey,Pentycross,51360230112,0,2,0,1,396,09/30/2018
Bartolomeo,Scotchmoor,21290630012,1,1,0,0,511,11/30/2018
Ashli,Gravatt,57885310820,0,1,1,0,547,11/24/2018
Flori,Parlour,85104536728,1,1,0,0,551,02/28/2019
Hazel,Lucey,56425910915,0,1,1,2,575,05/17/2018
Desmond,Kalisch,27216705655,1,1,1,1,509,03/25/2019
Joyous,Gabbitis,96574891832,1,1,0,2,369,05/13/2018
Findley,Siggers,64925679929,0,1,1,0,572,05/29/2018
Caz,Brisland,65075634219,0,0,0,0,561,10/29/2018
Merridie,Braunds,71597033886,1,2,0,1,358,07/18/2018
Costanza,Roggero,95013257839,1,2,0,2,425,11/21/2018
Ediva,Buddle,36363979306,1,3,1,1,413,01/29/2019
Tobias,Jakes,47404355947,0,0,1,0,557,08/06/2018
Eleonora,Gerok,86449313386,0,0,1,2,531,11/06/2018
Trudy,Portail,19743963525,1,0,0,2,308,06/27/2018
Hobie,Belham,77217526676,1,0,1,1,556,09/11/2018
Katerine,Gherardi,95784826768,1,1,0,0,539,01/17/2019
Baxie,McLugish,11798861857,1,2,0,0,444,11/18/2018
Ignacio,Ivanichev,82447419095,0,2,0,0,543,03/25/2019
Bat,Alcido,91151345237,0,3,0,2,566,06/22/2018
Juliann,MacCaffrey,24776556143,0,2,0,2,430,02/15/2019
Carolina,Blatherwick,23851198186,0,2,0,1,582,07/05/2018
Trudey,Mucklestone,86273718436,1,0,1,1,309,11/08/2018
Artemus,Overill,54557651491,1,1,1,0,367,04/15/2019
Emyle,Oakenfall,94252021188,1,0,1,1,402,08/23/2018
Babbette,Schanke,40496760103,1,0,0,2,408,03/10/2019
Teodorico,Gannicleff,68065321428,1,3,0,2,491,06/13/2018
Lauraine,Valentetti,66417022473,1,0,1,0,432,08/19/2018
Dannie,Piscopiello,87558288440,0,1,1,1,385,09/05/2018
Myra,Dalliwater,44949323003,1,3,0,1,485,08/24/2018
Jule,Rothery,02882533637,0,1,0,0,384,01/25/2019
Cornie,Mullenger,59381915058,1,1,0,2,463,08/06/2018
Brander,Collens,63624837234,0,0,1,2,393,06/11/2018
Vevay,Hayselden,00506914424,0,0,0,1,476,02/10/2019
Delmar,Gergher,86024209571,1,3,0,1,360,10/20/2018
Loy,Middlewick,38738086534,0,2,1,0,499,11/23/2018
Pattin,Goatman,34529343519,0,1,0,1,305,04/04/2019
Conant,Blinckhorne,21358647406,0,0,1,0,341,08/07/2018
Lyn,Chapleo,28198482548,1,0,1,2,516,08/01/2018
Vivien,Millan,75882123294,1,1,1,0,476,07/26/2018
Glyn,Skellion,78311449634,1,0,0,0,572,11/26/2018
Kenny,Goshawke,29354288411,1,2,1,0,564,05/22/2018
Archy,Ingham,67230283753,1,1,0,0,543,11/30/2018
Shurwood,Chalcraft,95531679624,1,2,1,1,339,03/08/2019
Tamarra,Leiden,19059316024,1,2,1,0,440,12/20/2018
Doralyn,McCurlye,07144540413,0,0,0,0,339,08/19/2018
Sayres,Heisman,25419592135,0,2,1,1,338,10/17/2018
Fina,Mattiuzzi,91878551875,1,1,1,0,514,09/07/2018
Robbie,Knee,46428649246,0,0,0,1,476,11/08/2018
Ike,Prall,85309945003,1,2,1,1,556,03/26/2019
Hillary,Wimpress,89944362941,0,1,0,1,348,05/07/2018
Byram,Pavolillo,08777204282,0,2,1,0,415,03/28/2019
Ax,Ducastel,03275371916,1,1,0,0,506,01/14/2019
Danie,Gurys,65738346431,0,3,0,2,371,09/10/2018
Vonnie,Strelitz,37835378265,1,3,1,2,516,07/10/2018
Jaimie,Mabbitt,91917963191,0,0,0,0,590,10/09/2018
Rhona,Darlasson,88603855053,0,2,0,0,508,11/30/2018
Lolita,Frazer,52983956346,0,2,1,2,514,06/06/2018
Gennie,Girardoni,30837504448,0,1,1,0,476,02/26/2019
Skylar,Jaynes,08498550550,0,3,0,0,461,08/15/2018
Eadmund,Garvagh,14791636256,1,1,1,0,548,05/29/2018
Sadella,Rizzolo,52990651870,1,0,1,0,495,11/19/2018
Lewiss,Purle,78041091888,1,0,1,2,588,12/22/2018
Rodge,Eckh,73436700038,0,0,0,1,582,11/19/2018
Guillemette,Rowbury,45754011910,0,3,1,1,468,12/21/2018
Roth,Naismith,78566619710,1,0,1,2,496,08/18/2018
Wilona,McClinton,39336340734,1,2,0,0,361,09/19/2018
Claudell,Teesdale,64427448761,1,0,0,1,521,09/28/2018
Pen,Rickman,15719845366,0,1,0,2,531,07/07/2018
Mikaela,McGow,39373644160,1,2,0,2,404,08/18/2018
Minerva,Beetles,21479224912,0,3,0,0,559,08/27/2018
Jessalin,Siddle,45049588742,0,2,0,2,433,12/10/2018
Rubetta,Leopard,98823837962,1,2,0,0,396,11/11/2018
Reed,Dimanche,42604766433,0,2,0,1,470,11/07/2018
Rosemaria,Haffenden,41113263621,0,0,0,2,348,01/15/2019
Sawyere,Haworth,18255695169,0,3,1,1,356,09/30/2018
Gaultiero,Pleuman,86587431799,1,0,1,0,305,09/10/2018
Benedikta,Morton,93459937947,1,2,1,1,490,07/11/2018
Enid,Philler,83025779197,1,2,1,1,564,04/10/2019
Ellis,Chilles,60056489049,0,2,1,1,404,06/11/2018
Babbette,Kneeshaw,20372611579,0,0,0,2,406,12/02/2018
Aluin,Piddock,68630110637,0,1,0,1,576,05/06/2018
Elladine,Humphries,54963527154,0,2,1,0,471,11/19/2018
Avigdor,Grzelczak,20895248376,1,3,1,2,473,01/14/2019
Fran,Nice,42059072424,1,0,1,1,450,10/14/2018
Susi,Simner,29153993577,0,3,1,2,505,10/03/2018
Dana,McGuinley,67887438789,1,3,1,1,308,05/02/2018
Jocelin,Dounbare,01196233881,0,0,1,1,574,10/19/2018
Forster,Lasselle,51689824307,1,0,1,2,421,10/13/2018
Idell,Ivakhnov,52681307110,1,2,1,2,546,01/24/2019
Madelin,Georgot,73554641321,1,3,1,0,353,02/05/2019
Uta,Teligin,57312887817,1,1,0,2,554,08/18/2018
Dolores,Polglase,53863433033,1,1,0,0,433,12/17/2018
Fraser,Houlworth,89821400657,1,3,1,0,334,02/05/2019
Giffer,Neate,38582895579,1,0,0,0,419,08/26/2018
Baxter,Dallaghan,03371420212,1,3,1,0,595,10/16/2018
Daniela,Fantin,47659168499,0,0,0,1,378,08/23/2018
Aveline,Endricci,88890738258,1,0,1,1,407,10/08/2018
Cornell,Cousin,24338876395,1,1,0,1,457,06/24/2018
Danila,Huson,74972332438,0,2,0,0,451,12/02/2018
Vivien,Hawtin,89967037900,1,2,1,0,326,01/27/2019
Edsel,Skryne,91186091794,0,1,1,2,508,08/21/2018
Meggie,Aird,12742237223,1,1,1,2,524,07/27/2018
Siouxie,Dunge,39136653663,1,0,0,0,525,03/07/2019
Erasmus,de Werk,07105552418,1,2,0,0,569,04/12/2019
Amaleta,Brentnall,46799142791,1,0,0,2,547,12/14/2018
Pierette,Wayon,88822119323,0,0,0,2,420,01/02/2019
Aldus,Whimp,74409620637,0,3,1,2,419,06/30/2018
Reinaldos,Gillise,11027908304,1,0,1,2,582,04/26/2019
Rees,Carver,52855680881,1,0,0,0,581,12/02/2018
Wait,Stoyles,38496293687,1,0,0,1,302,05/15/2018
Scotti,Clothier,59413999902,1,0,1,0,587,04/26/2019
Raffaello,Worster,56373570550,1,3,0,0,485,07/15/2018
Jobey,Magwood,34074701753,0,0,1,0,342,02/19/2019
Ellyn,Durand,93981824553,1,2,1,0,486,11/24/2018
Mehetabel,Atmore,52961625747,1,3,0,1,409,08/08/2018
Karlan,Januszkiewicz,83647429313,0,3,0,1,548,10/16/2018
Sutherlan,Shadfourth,79427299558,1,2,0,0,330,06/26/2018
Barnett,Purrington,96439314935,1,0,0,2,388,06/26/2018
Tamar,Acome,51431932533,0,3,1,0,498,12/24/2018
Herbert,Papen,81470087616,1,3,0,0,468,06/16/2018
Arron,Graveston,83708087515,0,3,1,2,418,08/11/2018
Jeramie,Biglin,45204610517,0,0,0,0,439,12/26/2018
Coral,Bowerman,07463766982,0,2,1,2,555,05/03/2018
Jobyna,Milmo,68535259856,0,1,0,1,328,09/27/2018
Sibylle,McQuorkel,18269778761,1,1,1,0,523,04/24/2019
Bria,Fradson,84788749054,1,1,0,0,406,09/30/2018
Moshe,Harbron,42850933398,1,1,0,2,415,08/13/2018
Car,Grigorescu,77421405793,1,2,0,1,376,10/13/2018
Basil,Brashaw,28726720345,1,0,1,0,449,06/05/2018
Karia,Stockman,57835110353,0,1,0,2,517,11/26/2018
Samuel,Corradini,19186401910,1,0,0,0,473,03/05/2019
Adora,Coultish,77321511708,1,0,1,0,592,05/02/2018
Puff,Rann,87094340618,1,0,0,0,355,12/17/2018
Livy,Welbrock,86897689065,0,0,1,0,535,09/27/2018
Adlai,Annand,20890805056,1,3,0,0,341,09/17/2018
Darleen,Fink,06307280312,0,3,0,2,493,08/02/2018
Rosmunda,Lytle,34524176217,0,2,1,0,425,12/28/2018
Nil,Baack,67528044467,0,3,0,0,464,10/15/2018
Jacinta,Sinkings,31835478430,0,0,1,2,327,05/30/2018
Leshia,Clemo,14453648602,0,2,1,2,438,04/29/2019
Erminia,Havill,02121722998,0,2,0,0,336,11/10/2018
Lion,Peggram,54935132816,1,1,0,0,589,05/28/2018
Celestine,Corr,76313246819,0,3,1,1,560,06/04/2018
Lenette,Coade,73984124073,0,2,0,1,572,11/05/2018
Nobe,Toope,48354269858,1,1,1,2,359,09/22/2018
Haze,Bensley,02923972288,0,0,0,1,416,08/15/2018
Theadora,Ralph,02704688437,0,2,0,1,566,12/25/2018
Aldon,Santacrole,07877592536,1,0,0,2,384,06/19/2018
Gasparo,Capstaff,08834816822,1,3,1,2,549,08/13/2018
Brod,Iffe,03138006874,1,0,1,2,300,10/26/2018
Felicia,Adacot,92816163720,0,2,1,1,522,12/23/2018
Flo,Aronin,58887280864,0,3,0,0,523,02/17/2019
Bengt,Faulds,20222553457,0,1,1,1,432,05/25/2018
Noble,Evers,55487871395,1,0,1,1,457,02/20/2019
Klarrisa,Doley,52659628218,1,1,1,2,404,02/19/2019
Cicily,Petschel,59282995283,1,2,0,0,553,03/09/2019
Dennis,Figures,00631919627,0,3,0,1,303,06/21/2018
Cybill,Trimmell,99536299797,1,3,0,0,319,04/03/2019
Wallas,Lednor,48753498046,0,3,0,1,423,12/23/2018
Noami,Aldren,64332710391,1,2,1,1,506,05/20/2018
Krissie,Abyss,09523706713,1,2,0,0,564,11/19/2018
Clemmie,Rowlin,55848851080,0,2,0,2,435,02/12/2019
Merralee,Ambresin,78493650683,1,3,1,2,391,08/02/2018
Paxon,Kalkhoven,50079209015,0,3,0,1,589,03/21/2019
Casey,Greenhead,02685164425,1,3,1,2,524,04/04/2019
Yurik,Milburn,75194585693,1,1,0,2,465,08/30/2018
Ignazio,Georgiev,42879653269,1,0,0,0,323,12/16/2018
Tyler,Stanyer,97257200138,1,2,0,2,520,12/03/2018
Travis,Joscelyne,18268043476,1,0,1,0,349,02/14/2019
Shurwood,Stutt,68989102779,0,1,1,1,501,10/22/2018
Ellie,Corwood,53014701434,0,0,0,0,340,12/28/2018
Casandra,Halms,89855580959,0,3,0,1,497,07/16/2018
Livvy,Laslett,18882441905,1,1,0,2,431,03/09/2019
Guinevere,Reary,91716891030,0,3,1,0,395,02/11/2019
Dayna,Shute,29289762753,1,3,1,0,426,12/28/2018
Armin,Copeland,16929787397,0,2,1,2,464,07/28/2018
Trudi,Sammon,47989432498,1,2,1,0,399,04/15/2019
Aurel,Rickell,81382976807,1,0,1,1,465,05/30/2018
Cobby,Hourican,78486905610,0,3,0,0,543,05/27/2018
Faber,Topham,02967293578,0,3,1,2,325,02/28/2019
Stefania,Gimblet,34632454374,0,2,0,0,383,04/23/2019
Urbano,Diwell,70145423139,0,0,1,2,492,07/26/2018
Natala,Leakner,51783678816,0,2,1,2,463,05/15/2018
Bryn,Thorington,56224902142,1,3,0,2,477,08/10/2018
Conney,Fallens,11594998729,1,3,0,1,583,02/23/2019
Pennie,Nickoll,56886108642,1,3,1,2,472,07/06/2018
Neile,Brooke,67915866904,1,3,1,0,447,04/14/2019
Pia,Sumnall,05893680246,1,2,0,0,518,08/24/2018
Winnie,Ingley,96011185969,0,2,0,0,467,02/22/2019
Jessica,Caygill,66188438879,0,1,0,2,377,06/01/2018
Benedicta,Manicomb,75138414889,0,2,1,0,464,04/11/2019
Staci,Benfell,08732664347,1,3,0,2,518,08/05/2018
Tiena,Noni,23630627407,0,3,1,0,335,06/26/2018
Rowena,Hawkings,84079691705,1,2,0,1,364,03/24/2019
Jeanna,Deason,96765715519,1,0,1,0,530,06/14/2018
Evy,Gipson,30881724615,1,3,0,0,326,04/26/2019
Lizzy,Trustrie,36079332089,0,3,0,0,460,10/26/2018
Josee,Paprotny,87830495283,1,3,1,1,349,10/03/2018
Ema,Lyfield,26693995739,0,3,1,0,422,06/17/2018
Anette,Vinall,28027481572,1,1,0,2,576,11/14/2018
Leo,Saltwell,93662767268,0,0,1,1,531,11/12/2018
Philomena,Roof,35429663739,1,3,0,0,421,10/12/2018
Alysia,Keuning,02738547962,1,0,1,2,583,08/13/2018
Brendon,Purkess,83558710923,1,0,1,1,366,09/14/2018
Jaquelyn,Renowden,14481260767,1,2,1,0,550,10/23/2018
Ravid,Ranshaw,07684341458,1,2,1,0,435,04/28/2019
Mayer,Benne,68196784599,1,3,1,2,600,07/02/2018
Dru,Rodenborch,97370543008,1,1,1,2,434,05/26/2018
Chanda,Enever,15077587375,0,0,0,0,314,01/01/2019
Aimee,Doohan,76952156412,0,1,0,2,537,12/02/2018
Nanon,Belleny,40586005479,0,2,0,2,386,01/05/2019
Barri,Gounot,84709534612,1,3,1,2,387,10/27/2018
Clarisse,Snoddy,26526702483,1,0,0,0,437,05/08/2018
Jedediah,Longbone,47570113083,0,2,1,1,321,06/07/2018
Elden,Scutchings,00769793634,0,1,0,1,416,11/30/2018
Jammie,Bearblock,19854943825,1,0,1,1,370,05/16/2018
Brady,Brompton,64401136002,1,1,0,0,462,12/24/2018
Felita,Showl,68926732643,1,3,0,0,525,05/16/2018
Jabez,Ronisch,18843012855,0,1,1,2,391,06/23/2018
Melli,Torn,61364499035,1,2,0,0,321,06/12/2018
Gradey,Curtayne,59548116477,1,1,0,0,496,08/08/2018
Caitlin,Kingswood,71749545970,1,2,1,1,340,04/13/2019
Julietta,Pollok,28383254707,1,2,1,2,496,11/06/2018
Willyt,Obbard,09799923731,0,1,0,2,544,07/30/2018
Dierdre,Ropkes,17622989410,0,3,0,1,316,11/02/2018
Conni,Southerden,38125741528,0,0,1,2,450,07/04/2018
Vaclav,Bolens,17195356257,0,1,1,2,512,10/07/2018
Emmalynne,Murdie,29542929952,1,2,0,0,599,01/23/2019
Tobiah,O'Fielly,35750030253,1,1,1,2,365,04/15/2019
Tobye,Brusin,87808561664,0,1,0,0,464,05/15/2018
Artus,Bonnick,26901396265,1,2,0,2,417,09/13/2018
Rudie,Crumpe,51571593678,0,0,0,2,400,11/25/2018
Rania,Eaglestone,68701600016,1,1,1,0,397,07/10/2018
Sven,Colleran,84418408070,1,2,0,0,428,02/01/2019
Else,Fend,61044073568,1,2,0,2,590,09/03/2018
Evvie,Cutchie,99478229544,1,3,1,0,398,10/25/2018
Erroll,Losseljong,26402019322,1,3,1,0,434,03/22/2019
Lock,Birkmyre,98716024308,1,3,0,1,551,01/07/2019
Melva,Laux,25207172668,0,3,1,2,494,07/10/2018
Kessia,Fulmen,63524581765,1,3,1,1,471,10/30/2018
Smitty,Bergeau,93363885312,0,1,0,1,600,07/28/2018
Broddie,Charnley,10367325269,0,1,1,1,320,03/04/2019
Adrian,Baudin,78535685505,0,2,0,2,550,04/01/2019
Pierette,Yewman,76623851617,1,2,1,2,443,02/27/2019
Gabbi,Ionnisian,45722264658,1,0,0,2,489,08/14/2018
Aime,Haddon,26434264274,0,1,1,2,450,08/02/2018
Jeri,Quennell,47803872548,1,0,0,1,317,06/24/2018
Lela,Ibbotson,75410885165,0,0,0,0,320,04/24/2019
Orton,Antat,63378588313,1,1,0,2,494,10/20/2018
Suzy,Cornall,13954906642,0,2,0,1,450,10/27/2018
Clari,Bosenworth,59540861176,1,3,1,1,495,01/10/2019
Callie,Sambath,20790303545,0,3,0,1,455,05/26/2018
Dennison,Frenzel;,75974766859,1,3,0,1,509,08/26/2018
Lothario,Chesterman,47270778637,1,3,0,2,304,08/30/2018
Kylen,Penelli,92139906772,1,1,0,0,337,12/28/2018
Lee,Boyd,75879439363,1,2,0,2,328,01/07/2019
Idette,Normavell,12962470623,0,0,1,0,429,06/02/2018
Arie,Rollo,61457751086,0,1,1,1,558,07/20/2018
Rudolfo,Wooton,17891823960,1,1,0,1,580,01/11/2019
Estell,Symson,26526951454,1,0,0,2,565,08/11/2018
Myrilla,Cohen,39388698488,1,2,0,1,475,05/23/2018
Gigi,Nickolls,26918616261,0,3,0,2,325,12/17/2018
Crissy,Kidstoun,87497505644,0,3,0,1,389,11/12/2018
Norry,Dewire,86078279698,1,2,0,0,352,08/30/2018
Fawne,Smurfitt,04388182552,0,3,0,0,519,08/19/2018
Shell,Buddington,15905464940,1,2,0,2,400,10/23/2018
Brigid,Spinola,94999971708,0,3,0,2,567,02/04/2019
Patin,Bleackley,44817829620,1,0,0,2,314,09/01/2018
Aldrich,Beche,33980892143,1,3,1,1,440,11/06/2018
Arlina,Tegeller,91792481102,1,1,0,2,312,11/09/2018
Cleve,Kilrow,11900416597,1,1,0,0,328,09/10/2018
Addie,Skelly,32246770443,0,3,0,2,570,08/10/2018
Merill,Lacotte,48803457397,0,0,0,0,389,04/22/2019
Nathalie,MacCaig,39158187092,1,2,1,2,390,12/08/2018
Ethelin,Durrans,91550233725,1,2,1,2,346,09/11/2018
Gayelord,Parkyn,41515498381,1,1,1,0,322,11/12/2018
Mozes,Marini,46421269060,1,1,0,1,554,09/21/2018
Ardath,Woolham,70731303906,0,2,0,2,462,02/26/2019
Dag,Vassay,93666113736,1,0,0,1,462,01/27/2019
Darice,Iddiens,32668469042,0,2,0,0,307,04/23/2019
Jeramie,Sedgeman,66945688013,1,3,0,2,319,07/12/2018
Tabatha,Denidge,71671173161,1,3,0,1,319,03/28/2019
Bret,Greenslade,45127613575,1,1,1,2,499,07/02/2018
Meade,O'Rodane,07920117088,0,0,0,1,382,08/16/2018
Julio,Dimmack,19176685310,1,2,0,0,598,04/09/2019
Nikolia,Nason,52019653762,0,0,1,1,364,10/30/2018
Buddie,Morfield,04780557318,0,1,1,2,480,06/07/2018
Syd,Brownsell,98822927491,0,1,1,2,596,02/20/2019
Zonnya,Astupenas,20855588072,0,3,1,0,322,01/29/2019
Grantley,Malser,73631556747,0,3,0,1,600,10/28/2018
Karyn,Edlington,82301252804,1,2,1,0,501,02/01/2019
Donall,Stodhart,59126824332,1,0,0,2,469,06/25/2018
Joannes,Fremantle,92267965351,1,1,1,0,438,01/04/2019
Bentley,Collison,03124065485,1,3,1,2,560,09/18/2018
Timothee,Govey,77115533679,0,2,1,2,506,11/14/2018
Verene,Tevelov,41759359479,1,0,1,1,444,10/20/2018
Beryle,Cunney,30479367306,0,0,0,1,476,06/25/2018
Annemarie,Girardetti,36559658793,1,1,1,0,411,08/24/2018
Ardella,Geerling,86268795049,0,2,1,1,352,03/31/2019
Charil,Jeanon,89626546211,1,1,1,2,309,09/26/2018
Pietrek,Crosham,02418910106,0,0,1,1,600,06/05/2018
Shandee,Reboul,45997480286,0,2,1,2,447,06/07/2018
Gilemette,Gilbride,39993938087,0,1,0,1,490,03/30/2019
Forest,McGrady,77112520054,0,3,1,2,422,02/13/2019
Nealon,Girke,66996747187,1,2,1,2,393,03/07/2019
Sayre,Gourlay,72496225226,0,0,1,2,305,02/22/2019
Jock,Satterthwaite,87070840458,0,0,0,1,553,03/31/2019
Ardyce,Pele,91579982825,1,3,0,0,336,09/30/2018
Lutero,Waadenburg,24249600190,0,1,0,0,408,03/23/2019
Carolus,Wyard,37035448046,1,3,0,0,424,11/10/2018
Ware,Menhci,82498220173,0,3,0,2,600,05/23/2018
Georgeanne,Barrus,34633646267,1,0,1,2,383,02/20/2019
Welsh,Windeatt,89073883530,0,3,1,0,429,01/17/2019
Saw,Hirtzmann,67321204865,0,0,0,2,306,01/23/2019
De,Mardoll,96737174343,1,0,1,0,362,04/07/2019
Cesya,Bernardeschi,98338668377,0,0,1,1,304,04/27/2019
Erena,Stut,40250263555,1,3,0,1,391,09/08/2018
Austen,Dragge,70256237332,0,3,1,2,514,10/04/2018
Mickie,Wanne,34585783818,0,2,0,2,313,05/18/2018
Helaina,Saundercock,07685513272,0,1,0,2,423,08/17/2018
Prissie,Cayley,72383381560,0,2,0,2,331,08/28/2018
Estrellita,De Mattei,44102047716,1,1,1,1,586,10/26/2018
Sean,Merrill,22497400128,1,2,1,1,447,01/26/2019
Gwenora,Spridgeon,60288143324,1,1,1,0,452,11/04/2018
Linette,Pidgeley,30428285063,0,3,1,1,480,05/30/2018
Fanchon,Grioli,13698077853,0,1,0,1,395,06/14/2018
Linnell,Menloe,64635633831,1,3,1,0,570,01/17/2019
Wenona,Snufflebottom,69888325289,0,1,0,1,457,04/13/2019
Halimeda,McGarrie,74727620727,1,2,0,1,528,06/08/2018
Cecilla,Alcorn,25774595387,1,1,1,1,595,04/13/2019
Rhys,Bradder,34303031571,1,2,1,2,448,04/24/2019
Archaimbaud,Rettie,64290584783,1,2,1,1,402,12/25/2018
Maxie,Morecomb,21144419989,0,0,1,2,583,06/10/2018
Whitney,Rickard,48007321019,1,3,0,1,482,02/19/2019
Cedric,Mathou,56836781322,0,0,0,2,472,05/02/2018
Ashlie,Cordes,58089539919,0,3,1,2,486,11/04/2018
Collette,Tunesi,18494549708,0,2,0,1,490,04/13/2019
Cynthie,Ginity,89431290415,0,0,0,2,314,09/01/2018
Katharyn,Caesar,50398987794,0,0,1,0,440,08/03/2018
Effie,Fouracres,87800936227,0,0,0,1,319,07/25/2018
Adolf,Messager,14097409559,0,3,0,0,529,11/05/2018
Jackqueline,Appleby,68295413423,0,3,0,2,452,12/25/2018
Bobbi,Lowdham,55597639463,1,1,1,0,480,11/19/2018
Cami,Seefeldt,65638090486,0,3,1,1,363,11/17/2018
Kliment,Gavahan,51264026458,0,0,0,2,512,06/11/2018
Nadia,Hudleston,90251637988,1,0,1,0,313,04/13/2019
Vittorio,Mantrip,53257038733,1,0,1,2,460,09/06/2018
Gallagher,Pelham,58259180289,0,1,0,1,328,05/23/2018
Carlynn,Devey,67540186512,0,0,0,0,537,05/30/2018
Julissa,Muglestone,90780909648,1,2,1,0,570,02/27/2019
Sella,Center,95141237928,1,1,0,2,476,07/05/2018
Raimund,Farlam,62625213950,0,2,1,0,586,01/26/2019
Margarete,Josland,38935900198,0,3,0,2,467,05/27/2018
Annabel,Snelling,70089866324,0,0,1,0,571,10/31/2018
Adaline,Tweedle,47065257246,1,1,1,0,512,11/01/2018
Berkie,Whenman,08026424868,1,0,1,0,338,05/10/2018
Daryl,Lorincz,43729901761,0,0,1,1,355,09/06/2018
Nanete,Blunsom,61542479089,1,2,1,1,579,12/16/2018
Tedman,Champneys,59982633394,1,3,0,0,302,12/10/2018
Al,Emlin,32236686037,1,3,1,1,332,06/04/2018
Kin,Harvison,96205402900,1,1,0,0,369,12/30/2018
Purcell,Hayne,43133680918,0,0,1,1,500,09/07/2018
Trev,Hanbury-Brown,32330686282,1,0,1,0,394,11/09/2018
Kira,Josifovic,35599197160,0,2,1,1,323,11/28/2018
Samaria,Nolli,24572008176,1,2,1,0,506,10/20/2018
Jasun,Pinder,17547527911,0,2,1,1,589,09/07/2018
Licha,Maliffe,80029607723,0,0,1,0,308,10/20/2018
Pedro,Vasilik,19824330370,1,1,0,1,503,04/30/2019
Darlleen,Glisane,63079752262,0,2,1,0,410,09/14/2018
Querida,Pheasant,69737090858,0,3,1,0,392,05/10/2018
Chico,Cage,21808520610,0,0,1,1,529,01/05/2019
Eberto,Leads,01383625779,1,2,1,1,368,07/30/2018
Lorrin,Crebo,96315237215,0,1,0,1,385,12/06/2018
Micky,Burndred,46896994300,1,3,0,0,438,08/21/2018
Cacilie,Jearum,97489932531,0,3,0,0,506,07/30/2018
Aileen,Denman,93962775845,0,2,0,1,563,02/24/2019
Tod,Miche,89375886276,1,2,1,2,458,12/31/2018
Janeta,Newlands,17188928298,1,1,1,1,540,08/14/2018
Agosto,Dawby,71911285568,1,2,1,0,404,04/26/2019
Dulcine,Rodenburg,80470839747,0,0,0,0,398,05/25/2018
Talbot,Simacek,57547744961,1,3,1,1,492,12/17/2018
Jarrad,Victor,43572474527,0,2,0,0,531,01/12/2019
Hannis,Warder,85933929385,1,0,1,1,411,02/28/2019
Davy,Maplestone,17074049619,0,1,1,0,489,01/03/2019
Bartholemy,Emmanueli,60490464129,1,3,1,0,559,08/25/2018
Euell,Loachhead,76581379340,0,0,0,0,307,10/19/2018
Sonny,Hollingdale,25707687308,0,3,0,0,329,12/25/2018
Read,Pelman,99935901452,0,0,0,2,489,10/25/2018
Munmro,Geggie,00042976642,0,1,0,1,490,06/06/2018
Rinaldo,Dallas,58941300175,0,0,1,1,565,01/02/2019
Aili,Guage,34348954020,0,3,1,2,369,05/17/2018
Candace,McCarle,21137512907,0,0,1,0,347,05/20/2018
Lynnet,Liverock,26964477627,1,3,0,1,544,07/12/2018
Rogerio,Gooderridge,33081859528,1,3,1,0,552,02/08/2019
Benjamen,Skule,46046789814,1,3,1,2,492,08/22/2018
Garwin,Lyngsted,19866235050,0,0,1,0,489,11/16/2018
Vernen,Hurren,17462256168,0,2,0,1,557,07/29/2018
Darcie,Chrisp,54860439925,1,2,0,2,527,07/03/2018
Floria,Tommasi,97462282548,1,2,0,1,432,08/30/2018
Bail,Pobjay,62848605038,1,2,1,2,518,07/11/2018
Marchall,Moorrud,44782169808,0,0,0,0,472,11/25/2018
Catriona,Maciak,14775464991,1,0,0,2,567,11/18/2018
Caldwell,Brammall,30495966573,1,1,0,1,361,07/04/2018
Kristel,Measom,36279372950,1,1,0,1,517,08/20/2018
Laureen,Waldren,17088636658,1,3,0,1,424,06/07/2018
Lynnett,Bratt,83919906910,1,3,1,2,357,06/22/2018
Charo,Greguoli,86063760440,0,0,1,2,564,03/30/2019
Aylmar,Sparshott,81159677570,0,2,0,0,377,04/19/2019
Natasha,Crosseland,31161014912,1,3,1,1,542,07/03/2018
Brinna,Ormston,19797526531,0,0,0,0,551,01/08/2019
Aube,Paulou,57397325861,1,1,1,1,338,05/25/2018
Darrick,Keilloh,05714557215,0,0,1,2,599,05/03/2018
Ethelyn,Giacopello,93667947685,1,2,0,1,439,08/10/2018
Belia,Pettitt,49816244072,0,2,0,2,427,02/21/2019
Hestia,Horbath,49168158047,0,3,1,1,360,06/06/2018
Katerina,Josephs,60678125511,0,1,1,0,593,03/16/2019
Blakeley,McNicol,95476378113,1,0,1,2,386,10/13/2018
Doris,Wrangle,79118882917,0,3,0,1,585,02/22/2019
Lanae,Blois,64122988692,0,2,0,1,378,10/15/2018
Franchot,Fathers,13322334721,0,1,1,1,598,05/04/2018
Anthea,Janas,83920852712,0,3,1,2,506,05/31/2018
Aigneis,Ferrarese,70016196833,1,1,0,2,349,11/21/2018
Sidnee,Conlaund,63645403749,0,1,0,1,363,06/13/2018
Willamina,Flawn,22461484290,0,1,0,2,539,03/30/2019
Merwyn,Cousens,91725662707,0,1,0,1,552,10/21/2018
Graham,Kingerby,58100634702,0,2,1,0,552,02/18/2019
Massimiliano,Rosenberg,41192639425,0,2,0,1,558,03/28/2019
Danyelle,Artist,27011439079,0,3,0,0,483,04/03/2019
Nate,Bordman,72335341789,1,1,1,0,312,07/20/2018
Sanson,Vedenichev,17042240467,0,3,1,1,399,01/16/2019
Mord,Eastment,71142588826,1,3,1,2,391,08/25/2018
Gabriellia,Vile,33615662752,1,2,1,2,534,12/29/2018
Giacomo,Trulock,39503356220,1,1,0,1,579,07/02/2018
Dagmar,Youngman,76272335338,0,2,1,2,365,01/16/2019
Rikki,Cogan,22197479592,0,0,1,2,520,01/03/2019
Charita,Duxbarry,75355708117,0,1,1,2,423,03/30/2019
Twila,Showen,94127199596,0,1,0,0,524,01/04/2019
Alexandros,Bome,31840078038,1,0,0,2,409,03/11/2019
Jarred,Shellibeer,30299168413,1,0,0,2,575,08/15/2018
Kimmi,Everington,18861766450,0,2,1,0,379,08/11/2018
Symon,Baruch,03510242780,1,0,0,2,314,05/04/2018
Ephrem,Ormistone,28074171780,1,3,1,2,394,07/15/2018
Grantley,Seedull,94477113220,1,2,1,2,501,11/11/2018
Yoshiko,Mabson,84113228686,1,0,1,0,532,10/28/2018
Octavia,Rowet,48455218764,0,2,0,2,373,04/29/2019
Ly,Dudliston,25522778640,1,0,0,2,563,10/24/2018
Quinn,Jaquemar,18105361038,0,2,0,0,536,07/01/2018
Tomas,Mordecai,72605332930,1,3,1,1,396,10/17/2018
Pattie,Blakiston,20935788866,1,1,0,1,585,11/11/2018
Barbra,Mattisssen,94810150325,0,0,1,1,591,10/31/2018
Pincus,Fripp,45853515475,1,0,1,0,306,01/27/2019
Chadwick,Joderli,31260428161,1,3,0,0,578,03/10/2019
Emmerich,Janus,20503620731,0,3,1,2,586,04/24/2019
Clary,Slocumb,07350914258,0,1,0,0,465,01/07/2019
Abdel,Woodfield,96286192104,0,3,1,0,595,07/14/2018
Dan,Tearle,59589329349,1,3,0,2,491,04/10/2019
Rhetta,Gallgher,81532320463,1,2,0,2,455,12/09/2018
Mariska,Cotmore,75182131160,1,3,1,2,485,03/13/2019
Lock,Waldron,86753082459,0,0,1,1,424,07/29/2018
Greg,Suthworth,79608557202,0,2,0,1,393,05/01/2018
Ax,Vasenkov,85849096032,1,1,1,0,599,10/10/2018
Eldridge,Behnecke,96855120641,1,0,0,0,432,06/25/2018
Wilhelm,Marzellano,41947323704,0,3,0,0,333,12/15/2018
Tobin,Tonks,60340053847,1,2,1,1,479,07/09/2018
Emmy,Tatam,43556688063,0,0,1,0,525,08/29/2018
Elane,Whaites,25684417122,1,1,1,2,450,01/11/2019
Lissi,Lagen,55443859192,1,3,0,1,563,11/08/2018
Anabal,Tomankiewicz,84385660616,1,1,1,0,600,08/29/2018
Angeli,Aulton,77702301456,1,0,0,0,302,02/23/2019
Trix,Gosland,98378319946,0,3,0,2,563,03/01/2019
Darrin,Bamber,62074774765,1,2,1,0,305,04/25/2019
Francisco,Becerra,76615933991,0,3,1,0,352,04/10/2019
Allsun,Eldered,26544225194,0,1,1,0,401,02/22/2019
Randy,Murley,89733528227,0,3,0,2,454,02/11/2019
Barbara,Wicks,82203260348,0,2,1,2,561,07/06/2018
Derby,Roussel,03584430560,1,2,0,0,328,09/23/2018
Les,Le Sarr,71092156129,1,2,1,1,364,04/06/2019
Corney,Emanuel,52353668733,1,1,0,2,466,09/23/2018
Gilemette,Loughhead,44633193724,1,0,0,2,319,10/06/2018
Ruy,Middlemist,43465958493,0,0,0,1,367,05/23/2018
Milo,Cicco,87222423367,1,0,0,0,551,10/09/2018
Neysa,Lafuente,52301694181,0,1,0,0,376,07/02/2018
Levin,Karlowicz,51565454350,1,2,0,2,439,06/14/2018
Rayner,MacElharge,14813746597,1,3,0,2,379,07/12/2018
Munmro,Ugolini,50850774116,1,1,0,0,309,07/01/2018
Prue,O'Day,86586447863,0,0,1,2,561,04/06/2019
Flinn,Casazza,43974956959,0,2,1,0,310,04/15/2019
Rodrique,Hawksby,84236407122,1,1,0,1,350,07/28/2018
Alberta,Marusyak,47256772870,1,3,1,0,352,05/31/2018
Kassia,Crosi,52209185562,1,0,0,1,462,02/03/2019
Lionel,MacSorley,48753647777,1,3,0,1,528,09/07/2018
Jannelle,Maes,67782764818,0,3,0,0,524,07/05/2018
Wilmette,Westrip,09464425640,1,3,1,1,442,09/11/2018
Bernelle,Grzesiewicz,76197340629,0,2,0,2,599,11/10/2018
Em,Cockburn,58353503521,0,1,0,1,326,07/31/2018
Zea,Pretswell,65358810242,0,3,0,2,547,06/21/2018
Yancey,Franssen,03047077266,0,2,0,1,323,08/05/2018
Ameline,Fraczek,36805208262,1,3,1,1,430,04/30/2019
Hadley,Roderigo,97141605329,0,3,0,1,510,06/11/2018
Hobard,Nevitt,09246096103,1,0,0,2,562,03/17/2019
Dimitry,Banke,42078179046,0,0,0,2,567,11/22/2018
Brena,Boyford,97720663472,1,0,1,1,461,05/18/2018
Nickey,Glasard,60275442565,0,3,0,1,319,06/06/2018
Leann,Kolis,98251177446,0,2,1,2,477,12/20/2018
Nelli,Vignal,30017435215,0,0,1,0,312,09/08/2018
Catha,Karim,70193908168,1,0,0,2,308,01/05/2019
Carlynne,McNab,06647291223,1,0,1,0,303,07/23/2018
Noellyn,Dunk,03869351374,0,2,0,2,331,02/03/2019
Benjamin,Gerok,97758149974,0,2,1,2,405,06/19/2018
Marcela,Gosz,00764277208,1,3,1,2,429,08/01/2018
Sybila,Rhys,83251439906,0,3,0,0,382,05/15/2018
Evita,Jerromes,17622357902,1,3,1,0,513,07/16/2018
Layton,MacNeilage,69776749049,0,0,0,2,595,04/05/2019
Cacilie,O'Hartnett,24198682444,1,3,1,0,479,08/15/2018
Troy,Pacheco,57529305421,1,2,1,1,491,09/22/2018
Nata,Higgonet,16788121753,0,3,0,1,521,01/05/2019
Luisa,Ritmeier,32614944510,0,3,1,0,366,11/25/2018
Willyt,Hellens,84947684829,1,3,1,1,519,01/29/2019
Ewen,Ricardou,22648818627,1,0,0,2,566,03/16/2019
Ronny,Feely,12273154990,0,3,0,1,402,06/04/2018
Layne,Coates,91853273644,1,2,0,2,395,02/10/2019
Kessiah,Campe,42474648097,0,2,1,1,331,09/21/2018
Jeramie,Caldecott,71808072459,0,2,1,1,453,02/27/2019
Dale,Colquite,12507623627,0,0,1,0,368,05/19/2018
Jacinthe,Joselin,60066444656,0,3,1,1,499,06/11/2018
Renard,Carillo,43044104850,1,3,1,0,317,04/09/2019
Herby,De L'Isle,25316968295,0,2,1,0,312,05/24/2018
Anjanette,Karoly,53401480349,0,2,1,1,460,01/12/2019
Angie,McKew,73015494328,0,1,1,2,595,07/26/2018
Phillipp,Alenin,87677159432,1,1,1,1,412,10/30/2018
Shawnee,Choupin,57072228269,0,3,0,1,420,05/22/2018
Matty,Abrahim,53319575172,0,0,1,0,424,04/25/2019
Ricca,Mallatratt,33777240265,0,0,1,2,501,10/29/2018
Moria,Conigsby,15094679511,1,2,0,1,502,05/19/2018
Eugenius,Rosenfrucht,37257678622,1,2,0,1,323,11/07/2018
Ricoriki,Meron,40650210047,0,2,1,0,438,10/11/2018
Dana,Canon,08122196555,0,2,1,1,382,04/09/2019
Katee,Shovlin,09688065914,1,0,0,2,351,07/04/2018
Atlanta,Shiliton,43115645956,0,1,0,0,481,06/02/2018
Terrill,Budden,22028923892,1,2,1,0,328,07/24/2018
Anette,Childrens,41363316454,0,3,0,2,343,02/28/2019
Norrie,Brum,21060696785,1,0,0,0,577,03/20/2019
Raddy,Maffeo,49733483422,1,0,1,1,477,06/23/2018
Leone,Caban,82686122342,0,1,1,0,527,03/01/2019
Sayer,Raiment,92480668141,0,0,1,2,536,12/21/2018
Woody,Wurz,27235364646,0,2,0,0,348,07/04/2018
Cassie,de Wilde,65247255759,1,3,0,1,528,11/18/2018
Casper,Imason,24859539659,1,3,1,2,324,06/24/2018
Whittaker,Gazey,12627041309,1,1,1,0,354,07/27/2018
Antone,Ruseworth,90760958714,1,2,1,1,347,01/15/2019
Danna,Casemore,59483723876,1,0,1,0,483,11/24/2018
Howey,Grzegorecki,98261494585,0,3,1,2,463,07/08/2018
Engracia,Wiper,19540920545,0,2,0,1,437,09/28/2018
Gleda,Brattell,43353270266,1,1,0,1,370,07/12/2018
Giustina,Heinemann,75884494656,1,0,1,2,464,01/02/2019
Carline,Barhams,45642702525,1,1,0,1,423,11/20/2018
Fabe,Bray,25777660049,0,0,1,0,520,09/21/2018
Neilla,Shoute,97216496800,1,3,0,0,389,07/23/2018
Goldia,Grishin,80083977236,0,0,0,2,527,02/16/2019
Trudy,Southward,15945079226,1,0,1,2,389,11/19/2018
Early,Wrout,11650557682,1,2,1,1,536,01/01/2019
Darleen,Chasle,41665604617,0,3,1,1,562,11/03/2018
Essa,Kuhnt,72615152517,1,1,1,0,585,11/15/2018
Maisey,Ferroli,26549977489,1,3,0,2,329,08/19/2018
Dinny,Yitzhakof,34464142190,1,2,0,2,586,11/17/2018
Selinda,Castelijn,03741467013,1,0,1,1,323,05/04/2018
Bern,Josupeit,66948208511,0,0,1,0,344,06/02/2018
Del,Bartoszewicz,67433469539,1,3,1,0,533,02/05/2019
Janos,Jeafferson,38706138915,0,0,0,0,521,01/26/2019
Katrinka,Dayton,06183653631,1,3,1,2,588,10/26/2018
Eartha,MacQuaker,08175546288,0,3,1,2,586,06/09/2018
Gael,Rossiter,71844763428,0,2,1,0,503,03/19/2019
Garek,Cumpton,67247692446,1,3,0,1,556,03/15/2019
Donna,Deverill,80320672619,1,2,0,1,561,12/20/2018
Rudolf,Jozsef,24397524048,0,3,0,0,375,07/02/2018
Tull,Blagbrough,36410495140,1,3,1,1,332,11/02/2018
Cathy,Eringey,48368861759,0,3,1,2,498,02/23/2019
Tori,Prazer,29142330966,0,3,0,0,438,03/27/2019
Austina,Willoughley,21585570430,0,3,1,1,362,08/25/2018
Winnifred,Capper,99688908454,0,1,1,0,565,10/07/2018
Rosaline,Romain,62527139106,1,3,0,1,384,05/18/2018
Zonda,Seares,57692028683,0,1,1,2,513,07/18/2018
Thibaut,Tice,91617556089,0,1,0,2,422,12/24/2018
Neill,Gathercole,70617447716,1,1,0,1,473,04/09/2019
Rufus,Daubney,44848784535,0,2,0,0,582,10/07/2018
Kerrie,Clarae,34236084021,0,2,0,2,538,07/25/2018
Gigi,Furby,06406516450,1,3,0,1,523,04/18/2019
Roxanna,Dearman,74381540266,1,1,0,0,514,02/10/2019
Vanessa,Fudger,29656737029,1,2,0,1,404,06/01/2018
Amelita,Armitage,36315011116,1,3,1,0,534,05/27/2018
Kathrine,Ondrousek,05130335280,0,2,0,1,431,05/17/2018
Sybille,Vezey,77741625475,0,0,0,0,461,04/06/2019
Merralee,Micco,67791238963,0,1,1,0,331,01/24/2019
Lilah,Fellon,27973155572,1,2,1,2,352,03/11/2019
Norine,Jerram,80653066123,1,2,1,0,363,02/03/2019
Nedi,Gothard,46851188496,1,0,0,2,323,04/24/2019
Irita,Schruyers,04931338909,0,0,0,1,335,03/17/2019
Alic,Cardenas,60362142138,0,2,0,1,544,08/29/2018
Winne,Prisk,51972114675,0,2,0,2,379,06/11/2018
Karyl,Fozard,21613777546,1,1,1,2,510,09/30/2018
Danell,Clingan,37771197577,0,1,0,0,473,10/14/2018
Konstantin,Assad,77167104237,0,3,0,2,499,11/13/2018
Mort,Becconsall,52265177118,1,1,1,0,412,08/06/2018
Artemis,Stollberger,58070395884,1,3,1,1,534,01/31/2019
Othello,Churn,95737350478,1,0,0,1,578,02/02/2019
Vale,Gude,67000202052,1,1,0,2,348,08/17/2018
Syd,Reville,78158671140,1,1,0,2,555,03/29/2019
Raquel,Kears,66109153532,1,3,1,1,451,11/01/2018
Jerrome,Dellenbrook,66939379148,1,3,0,2,421,03/18/2019
Trula,Yerrell,58951700927,0,0,1,2,431,09/25/2018
Kaitlyn,Stanyon,48170548492,0,0,1,0,576,07/25/2018
Dianne,Manifield,03140886782,1,1,1,1,344,02/09/2019
Leslie,Arlott,42975280510,1,2,1,0,503,04/13/2019
Cathyleen,Yushachkov,33526517781,0,0,0,0,416,09/25/2018
Sigismond,Treasure,85818482481,0,2,1,1,418,06/20/2018
Lindy,Dodimead,88373553805,1,0,1,1,584,11/26/2018
Pyotr,Recke,28389703335,0,1,0,0,369,01/14/2019
Ricardo,Yarwood,25259226753,1,0,1,0,443,07/24/2018
Obediah,Radborne,52645207645,0,0,0,1,543,01/23/2019
Clemmy,Paybody,65924944589,1,1,0,0,552,12/29/2018
Tootsie,Woolaston,88670829427,1,1,0,2,453,03/04/2019
Amalle,Kolyagin,81406515090,0,2,0,1,514,09/23/2018
Roz,Skate,53294209034,0,0,0,2,491,02/21/2019
Ambrosi,Stawell,64198884228,0,0,0,1,357,05/18/2018
Gaile,Boyan,56115186079,0,3,1,1,458,12/17/2018
Shandra,Done,52502126949,1,2,0,0,454,11/28/2018
Kimberlee,Roby,08992235415,1,2,0,1,588,05/13/2018
Wallie,Maidens,31591197092,1,2,0,0,458,04/07/2019
Gwenore,McEnery,64272774154,0,2,0,0,567,07/08/2018
Swen,Bertie,81588826124,1,2,1,2,412,05/06/2018
Nollie,Falla,42355891145,0,0,1,1,391,08/16/2018
Piper,Glasman,18796395262,0,0,1,1,532,01/31/2019
Raven,Spurett,85302398742,1,2,0,2,522,06/28/2018
Dolorita,Lamboll,88685654537,0,1,1,1,454,12/12/2018
Eudora,Stedmond,66383113116,1,0,0,1,539,06/14/2018
Valle,Phelit,03869023031,0,0,1,1,447,03/13/2019
Silvio,Rieme,57610458570,0,2,0,0,454,10/05/2018
Kristy,Hentzer,67428100175,1,1,0,2,463,09/26/2018
Reena,Wyndham,92980368324,1,0,0,0,330,04/09/2019
Ingmar,Luetkemeyers,26681751149,0,2,0,1,441,09/22/2018
Leonerd,Mennear,84340183331,0,1,1,1,450,05/29/2018
Felicio,Shmyr,73210813300,1,2,1,1,535,01/11/2019
Annice,Dryburgh,63920719574,0,1,1,1,368,10/04/2018
Marinna,Pursehouse,31565760868,1,3,1,0,556,08/27/2018
Purcell,Hembry,96915827577,1,1,1,0,389,05/13/2018
Ramon,Venditti,72698834667,1,1,0,0,589,12/28/2018
Brenna,Tayspell,62119768772,0,2,0,2,561,04/06/2019
Julia,Caney,95405617397,1,3,1,2,552,02/09/2019
Albertine,McSpirron,99520078130,0,0,1,2,564,11/16/2018
Patrick,Duffield,15887948184,0,3,1,1,511,04/28/2019
Ivonne,Capron,48698993423,0,3,0,2,562,10/11/2018
Korie,Vallender,88187645498,0,1,0,1,541,08/18/2018
Warren,Warnock,65451473382,0,2,0,1,510,11/14/2018
Pall,Werrit,95618034435,1,2,1,0,561,09/19/2018
Una,Shevlin,07787494354,1,2,0,1,450,09/09/2018
Kaitlyn,Dellenbrook,57232382142,1,2,0,0,354,12/19/2018
Wayland,Sheddan,29207917991,1,1,1,1,407,04/04/2019
Kasper,O'Hannen,22048323062,0,2,1,2,501,01/08/2019
Adrien,Glassard,10496086583,0,1,0,1,538,07/15/2018
Linn,Siene,96901325941,1,2,0,1,543,09/07/2018
Lane,MacCarlich,10731974255,0,1,1,2,566,06/11/2018
Valida,Rust,39460534951,1,1,0,1,371,07/01/2018
Shelby,Beasant,91883144475,0,1,0,0,433,12/28/2018
Roselin,Scollan,72603385414,0,2,0,1,407,08/22/2018
Derk,Clelle,85187970478,1,2,1,1,521,02/13/2019
Hasheem,Wedmore,76745198513,1,1,1,2,543,11/29/2018
Luke,Rottgers,93949820623,1,3,1,0,596,08/01/2018
Susy,Edgcumbe,34977075907,0,3,1,0,556,03/18/2019
Broddy,Riolfi,46407977781,0,1,1,2,562,04/06/2019
